"boardgamegeek.com game ID",title
13004,"The Downfall of Pompeii"
66188,"Fresco"
503,"Through the Desert"
66690,"Dominion: Prosperity"
150,"PitchCar"
181,"Risk"
21059,"Arkham Horror: Dunwich Horror Expansion"
90419,"Airlines Europe"
31627,"Ticket to Ride: Nordic Countries"
41114,"The Resistance"
2993,"Carcassonne: Expansion 1 – Inns & Cathedrals"
41,"Can't Stop"
84876,"The Castles of Burgundy"
77130,"Sid Meier's Civilization: The Board Game"
63628,"The Manhattan Project"
164153,"Star Wars: Imperial Assault"
18,"RoboRally"
2987,"Pirate's Cove"
182028,"Through the Ages: A New Story of Civilization"
97786,"Small World Underground"
1829,"Risk 2210 A.D."
2921,"The Game of Life"
168435,"Between Two Cities"
193738,"Great Western Trail"
34499,"Race for the Galaxy: The Gathering Storm"
139030,"Mascarade"
10630,"Memoir '44"
27746,"Colosseum"
115746,"War of the Ring (Second Edition)"
37904,"Formula D"
11,"Bohnanza"
113294,"Escape: The Curse of the Temple"
2223,"UNO"
39938,"Carson City"
31594,"In the Year of the Dragon"
150658,"Pandemic: The Cure"
88,"Torres"
20551,"Shogun"
105,"Colossal Arena"
68448,"7 Wonders"
104006,"Village"
39856,"Dixit"
170216,"Blood Rage"
36946,"Red November"
10,"Elfenland"
62219,"Dominant Species"
2381,"Scattergories"
124708,"Mice and Mystics"
138788,"Dungeon Roll"
140,"Pit"
2511,"Sherlock Holmes Consulting Detective: The Thames Murders & Other Cases"
175914,"Food Chain Magnate"
122515,"Keyflower"
50381,"Cards Against Humanity"
24068,"Shadow Hunters"
35677,"Le Havre"
68425,"Eminent Domain"
46213,"Telestrations"
183394,"Viticulture Essential Edition"
22141,"Cleopatra and the Society of Architects"
40849,"Pandemic: On the Brink"
97842,"Last Will"
59959,"Letters from Whitechapel"
146652,"Legendary Encounters: An Alien Deck Building Game"
325,"Catan: Seafarers"
113924,"Zombicide"
59946,"Dungeons & Dragons: Castle Ravenloft Board Game"
71,"Civilization"
150312,"Welcome to the Dungeon"
320,"Scrabble"
16986,"Ubongo"
54043,"Jaipur"
137297,"Rise of Augustus"
2243,"Yahtzee"
156129,"Deception: Murder in Hong Kong"
1465,"Wizard"
129437,"Legendary: A Marvel Deck Building Game"
127067,"King of Tokyo: Power Up!"
171668,"The Grizzled"
171623,"The Voyages of Marco Polo"
192291,"Sushi Go Party!"
103343,"A Game of Thrones: The Board Game (Second Edition)"
15363,"Nexus Ops"
2398,"Cribbage"
63888,"Innovation"
164928,"Orléans"
13308,"Niagara"
12493,"Twilight Imperium (Third Edition)"
147949,"One Night Ultimate Werewolf"
161970,"Alchemists"
63268,"Spot it!"
126163,"Tzolk'in: The Mayan Calendar"
92828,"Dixit Odyssey"
40692,"Small World"
158899,"Colt Express"
136888,"Bruges"
25821,"The Werewolves of Miller's Hollow"
140620,"Lewis & Clark"
173,"Formula Dé"
154203,"Imperial Settlers"
70149,"Ora et Labora"
101721,"Mage Wars Arena"
1115,"Poker"
157354,"Five Tribes"
15364,"Vegas Showdown"
133473,"Sushi Go!"
27627,"Talisman (Revised 4th Edition)"
31260,"Agricola"
8051,"Attika"
3,"Samurai"
205059,"Mansions of Madness: Second Edition"
187645,"Star Wars: Rebellion"
79828,"A Few Acres of Snow"
148228,"Splendor"
21241,"Neuroshima Hex!"
2452,"Jenga"
51811,"Dominion: Seaside"
153938,"Camel Up"
147151,"Concept"
14105,"Commands & Colors: Ancients"
811,"Rummikub"
891,"Cranium"
143693,"Glass Road"
20963,"Fury of Dracula (second edition)"
91312,"Discworld: Ankh-Morpork"
107529,"Kingdom Builder"
172,"For Sale"
66098,"Dominion: Alchemy"
77423,"The Lord of the Rings: The Card Game"
13,"Catan"
176396,"Quadropolis"
178900,"Codenames"
156009,"Port Royal"
760,"Battle Line"
39463,"Cosmic Encounter"
6249,"Alhambra"
19857,"Glory to Rome"
22827,"StarCraft: The Board Game"
93260,"Summoner Wars: Master Set"
157969,"Sheriff of Nottingham"
71721,"Space Hulk: Death Angel – The Card Game"
4390,"Carcassonne: Hunters and Gatherers"
150376,"Dead of Winter: A Crossroads Game"
40398,"Monopoly Deal Card Game"
163967,"Tiny Epic Galaxies"
28720,"Brass: Lancashire"
22545,"Age of Empires III: The Age of Discovery"
4098,"Age of Steam"
72125,"Eclipse"
43570,"Friday"
9216,"Goa"
25613,"Through the Ages: A Story of Civilization"
34635,"Stone Age"
31481,"Galaxy Trucker"
126042,"Nations"
394,"Kahuna"
43111,"Chaos in the Old World"
91536,"Quarriors!"
66362,"Glen More"
128621,"Viticulture"
116,"Guillotine"
131835,"Boss Monster: The Dungeon Building Card Game"
28143,"Race for the Galaxy"
12692,"Gloom"
205637,"Arkham Horror: The Card Game"
13291,"Citadels:  The Dark City"
155362,"Ca$h 'n Guns (Second Edition)"
134342,"Lords of Waterdeep: Scoundrels of Skullport"
215,"Tichu"
124742,"Android: Netrunner"
66589,"Navegador"
147020,"Star Realms"
12942,"No Thanks!"
8203,"Hey, That's My Fish!"
5405,"Carcassonne: Expansion 2 – Traders & Builders"
98778,"Hanabi"
24480,"The Pillars of the Earth"
146021,"Eldritch Horror"
129622,"Love Letter"
1294,"Clue"
14996,"Ticket to Ride: Europe"
15158,"Carcassonne: Expansion 3 – The Princess & The Dragon"
42215,"Tobago"
3076,"Puerto Rico"
100423,"Elder Sign"
15818,"Pickomino"
128882,"The Resistance: Avalon"
102794,"Caverna: The Cave Farmers"
98,"Axis & Allies"
172818,"Above and Below"
74,"Apples to Apples"
100901,"Flash Point: Fire Rescue"
144733,"Russian Railroads"
160499,"King of New York"
104162,"Descent: Journeys in the Dark (Second Edition)"
25417,"BattleLore"
37759,"Diamant"
30549,"Pandemic"
24181,"Imperial"
521,"Crokinole"
40834,"Dominion: Intrigue"
3955,"BANG!"
122522,"Smash Up"
25669,"Qwirkle"
37046,"Ghost Stories"
169786,"Scythe"
69789,"Ascension: Deckbuilding Game"
3201,"Lord of the Rings: The Confrontation"
176189,"Zombicide: Black Plague"
30933,"BANG! The Bullet!"
123260,"Suburbia"
59294,"Runewars"
33160,"Endeavor"
62871,"Zombie Dice"
5404,"Amun-Re"
176494,"Isle of Skye: From Chieftain to King"
2591,"Carcassonne: The River"
1234,"Once Upon a Time: The Storytelling Card Game"
36932,"Claustrophobia"
166384,"Spyfall"
65244,"Forbidden Island"
438,"Scotland Yard"
118048,"Targi"
90137,"Blood Bowl: Team Manager – The Card Game"
27588,"Zooloretto"
102680,"Trajan"
83330,"Mansions of Madness"
27708,"1960: The Making of the President"
9674,"Ingenious"
48726,"Alien Frontiers"
51,"Ricochet Robots"
43015,"Hansa Teutonica"
34219,"Biblios"
21523,"Runebound (Second Edition)"
121408,"Trains"
65781,"London"
15062,"Shadows over Camelot"
483,"Diplomacy"
34119,"Tales of the Arabian Nights"
161936,"Pandemic Legacy: Season 1"
37111,"Battlestar Galactica: The Board Game"
478,"Citadels"
2842,"TransAmerica"
21790,"Thurn and Taxis"
177736,"A Feast for Odin"
1345,"Genoa"
21763,"Mr. Jack"
37380,"Roll Through the Ages: The Bronze Age"
204583,"Kingdomino"
93,"El Grande"
172225,"Exploding Kittens"
699,"HeroQuest"
97207,"Dungeon Petz"
127023,"Kemet"
70919,"Takenoko"
29368,"Last Night on Earth: The Zombie Game"
39683,"At the Gates of Loyang"
28023,"Jamaica"
1917,"Stratego"
124361,"Concordia"
131357,"Coup"
15987,"Arkham Horror"
138161,"Firefly: The Game"
171131,"Captain Sonar"
915,"Mystery of the Abbey"
21882,"Blue Moon City"
8217,"San Juan"
120677,"Terra Mystica"
555,"The Princes of Florence"
125618,"Libertalia"
155426,"Castles of Mad King Ludwig"
258,"Fluxx"
2397,"Backgammon"
92415,"Skull"
111661,"7 Wonders: Cities"
133038,"Pathfinder Adventure Card Game: Rise of the Runelords – Base Set"
163412,"Patchwork"
27173,"Vikings"
46,"Medici"
17133,"Railways of the World"
103885,"Star Wars: X-Wing Miniatures Game"
590,"Mille Bornes"
127060,"Bora Bora"
327,"Loopin' Louie"
2453,"Blokus"
10547,"Betrayal at House on the Hill"
110327,"Lords of Waterdeep"
132531,"Roll for the Galaxy"
5,"Acquire"
194655,"Santorini"
155987,"Abyss"
198773,"Codenames: Pictures"
117959,"Las Vegas"
143741,"BANG! The Dice Game"
105551,"Archipelago"
2425,"Battleship"
36218,"Dominion"
463,"Magic: The Gathering"
8098,"Jungle Speed"
105134,"Risk Legacy"
16992,"Tsuro"
146508,"T.I.M.E Stories"
188,"Go"
27162,"Kingsburg"
102652,"Sentinels of the Multiverse"
6472,"A Game of Thrones (first edition)"
5782,"Coloretto"
73761,"K2"
9609,"War of the Ring (first edition)"
163968,"Elysium"
53953,"Thunderstone"
121921,"Robinson Crusoe: Adventures on the Cursed Island"
43443,"Castle Panic"
45,"Liar's Dice"
173346,"7 Wonders Duel"
1111,"Taboo"
171,"Chess"
2651,"Power Grid"
42,"Tigris & Euphrates"
278,"Catan Card Game"
54625,"Space Hulk (third edition)"
97903,"Terror in Meeple City"
22345,"Yspahan"
136063,"Forbidden Desert"
30869,"Thebes"
27833,"Steam"
19237,"Ca$h 'n Gun$"
127398,"Legends of Andor"
123540,"Tokaido"
54,"Tikal"
45315,"Dungeon Lords"
7717,"Carcassonne: The Castle"
2471,"Zombies!!!"
21348,"Ticket to Ride: Märklin"
155703,"Evolution"
823,"Lord of the Rings"
1198,"SET"
40628,"Finca"
133848,"Euphoria: Build a Better Dystopia"
119890,"Agricola: All Creatures Big and Small"
25292,"Merchants & Marauders"
9220,"Saboteur"
143884,"Machi Koro"
47,"Chinatown"
31730,"Chicago Express"
167791,"Terraforming Mars"
50,"Lost Cities"
926,"Catan: Cities & Knights"
929,"The Great Dalmuti"
432,"6 nimmt!"
96848,"Mage Knight Board Game"
2083,"Checkers"
9209,"Ticket to Ride"
181304,"Mysterium"
13823,"Fairy Tale"
12,"Ra"
3943,"Munchkin 2: Unnatural Axe"
72287,"Mr. Jack Pocket"
475,"Taj Mahal"
27225,"Bananagrams"
103,"Titan"
55670,"Macao"
25554,"Notre Dame"
24439,"Ticket to Ride: USA 1910"
12333,"Twilight Struggle"
822,"Carcassonne"
118,"Modern Art"
112,"Condottiere"
2163,"Space Hulk"
163602,"XCOM: The Board Game"
1927,"Munchkin"
7805,"Fearsome Floors"
7854,"YINSH"
1219,"Labyrinth"
155068,"Arcadia Quest"
181279,"Fury of Dracula (third edition)"
2653,"Survive: Escape from Atlantis!"
161417,"Red7"
18602,"Caylus"
2655,"Hive"
172386,"Mombasa"
2952,"Trivial Pursuit"
1406,"Monopoly"
209010,"Mechs vs. Minions"
148949,"Istanbul"
11170,"Heroscape Master Set: Rise of the Valkyrie"
826,"Cartagena"
30380,"Cuba"
108745,"Seasons"
2807,"Catan: 5-6 Player Extension"
38453,"Space Alert"
54998,"Cyclades"
9217,"Saint Petersburg"
70323,"King of Tokyo"
92539,"7 Wonders: Leaders"
55660,"Dixit Quest"
73439,"Troyes"
12002,"Jambo"
24508,"Taluva"
20100,"Wits & Wagers"
201808,"Clank!: A Deck-Building Adventure"
17226,"Descent: Journeys in the Dark"
